date,year,month,day,week_day,orders_cnt,orders_sum,orders_weight,orders_weight_avg,orders_sum_avg
2017-01-01,2017,01,01,7,7,44918,68070,9724.2857142857,6416.8571428571
2017-01-02,2017,01,02,1,15,89206,161360,10757.333333333,5947.0666666667
2017-01-03,2017,01,03,2,21,129101,232040,11049.523809524,6147.6666666667
2017-01-04,2017,01,04,3,20,181116,227840,11392,9055.8
2017-01-05,2017,01,05,4,21,223591,246350,11730.952380952,10647.19047619
2017-01-06,2017,01,06,5,27,190493,318170,11784.074074074,7055.2962962963
2017-01-07,2017,01,07,6,28,168593,271410,9693.2142857143,6021.1785714286
2017-01-08,2017,01,08,7,31,192973,384670,12408.709677419,6224.935483871
2017-01-09,2017,01,09,1,30,242523,197810,6593.6666666667,8084.1
2017-01-10,2017,01,10,2,30,239760,413780,13792.666666667,7992
2017-01-11,2017,01,11,3,30,220486,255550,8518.3333333333,7349.5333333333
2017-01-12,2017,01,12,4,39,254806,425140,10901.025641026,6533.4871794872
2017-01-13,2017,01,13,5,33,216695,271790,8236.0606060606,6566.5151515152
2017-01-14,2017,01,14,6,21,228612,341720,16272.380952381,10886.285714286
2017-01-15,2017,01,15,7,26,289166,412390,15861.153846154,11121.769230769
2017-01-16,2017,01,16,1,40,252950,482080,12052,6323.75
2017-01-17,2017,01,17,2,31,191697,283780,9154.1935483871,6183.7741935484
2017-01-18,2017,01,18,3,31,210097,294141,9488.4193548387,6777.3225806452
2017-01-19,2017,01,19,4,27,202485,292180,10821.481481481,7499.4444444444
2017-01-20,2017,01,20,5,34,254760,346560,10192.941176471,7492.9411764706
2017-01-21,2017,01,21,6,25,429901,445460,17818.4,17196.04
2017-01-22,2017,01,22,7,27,226994,484200,17933.333333333,8407.1851851852
2017-01-23,2017,01,23,1,31,585006,379100,12229.032258065,18871.161290323
2017-01-24,2017,01,24,2,31,206228,375750,12120.967741935,6652.5161290323
2017-01-25,2017,01,25,3,36,260699,491630,13656.388888889,7241.6388888889
2017-01-26,2017,01,26,4,19,124280,182050,9581.5789473684,6541.0526315789
2017-01-27,2017,01,27,5,27,172760,380200,14081.481481481,6398.5185185185
2017-01-28,2017,01,28,6,32,286110,504540,15766.875,8940.9375
2017-01-29,2017,01,29,7,32,246134,670700,20959.375,7691.6875
2017-01-30,2017,01,30,1,31,473176,364820,11768.387096774,15263.741935484
2017-01-31,2017,01,31,2,27,172383,461930,17108.518518519,6384.5555555556
2017-02-01,2017,02,01,3,29,190636,273280,9423.4482758621,6573.6551724138
2017-02-02,2017,02,02,4,27,198873,278400,10311.111111111,7365.6666666667
2017-02-03,2017,02,03,5,35,270295,434507,12414.485714286,7722.7142857143
2017-02-04,2017,02,04,6,21,196191,295856,14088.380952381,9342.4285714286
2017-02-05,2017,02,05,7,29,243744,319437,11015.068965517,8404.9655172414
2017-02-06,2017,02,06,1,46,300917,536580,11664.782608696,6541.6739130435
2017-02-07,2017,02,07,2,33,199690,299527,9076.5757575758,6051.2121212121
2017-02-08,2017,02,08,3,31,207611,681093,21970.741935484,6697.1290322581
2017-02-09,2017,02,09,4,26,181674,556887,21418.730769231,6987.4615384615
2017-02-10,2017,02,10,5,31,187176,372478,12015.419354839,6037.935483871
2017-02-11,2017,02,11,6,26,209458,355610,13677.307692308,8056.0769230769
2017-02-12,2017,02,12,7,23,149376,334854,14558.869565217,6494.6086956522
2017-02-13,2017,02,13,1,34,223123,399265,11743.088235294,6562.4411764706
2017-02-14,2017,02,14,2,26,176723,341131,13120.423076923,6797.0384615385
2017-02-15,2017,02,15,3,23,129174,153833,6688.3913043478,5616.2608695652
2017-02-16,2017,02,16,4,28,176104,357349,12762.464285714,6289.4285714286
2017-02-17,2017,02,17,5,25,175803,264278,10571.12,7032.12
2017-02-18,2017,02,18,6,26,227238,428762,16490.846153846,8739.9230769231
2017-02-19,2017,02,19,7,41,306527,696784,16994.731707317,7476.2682926829
2017-02-20,2017,02,20,1,38,306513,526667,13859.657894737,8066.1315789474
2017-02-21,2017,02,21,2,48,283481,524211,10921.0625,5905.8541666667
2017-02-22,2017,02,22,3,51,369955,406780,7976.0784313725,7254.0196078431
2017-02-23,2017,02,23,4,32,226537,463691,14490.34375,7079.28125
2017-02-24,2017,02,24,5,26,214317,301109,11581.115384615,8242.9615384615
2017-02-25,2017,02,25,6,22,177016,263985,11999.318181818,8046.1818181818
2017-02-26,2017,02,26,7,21,164133,392892,18709.142857143,7815.8571428571
2017-02-27,2017,02,27,1,37,245264,441913,11943.594594595,6628.7567567568
2017-02-28,2017,02,28,2,29,159128,258991,8930.724137931,5487.1724137931
2017-03-01,2017,03,01,3,26,177312,247708,9527.2307692308,6819.6923076923
2017-03-02,2017,03,02,4,31,271574,406293,13106.225806452,8760.4516129032
2017-03-03,2017,03,03,5,30,209670,362421,12080.7,6989
2017-03-04,2017,03,04,6,25,231646,332638,13305.52,9265.84
2017-03-05,2017,03,05,7,36,234894,412118,11447.722222222,6524.8333333333
2017-03-06,2017,03,06,1,56,495768,623592,11135.571428571,8853
2017-03-07,2017,03,07,2,40,256564,331216,8280.4,6414.1
2017-03-08,2017,03,08,3,20,156037,276866,13843.3,7801.85
2017-03-09,2017,03,09,4,30,197364,350460,11682,6578.8
2017-03-10,2017,03,10,5,22,142530,289202,13145.545454545,6478.6363636364
2017-03-11,2017,03,11,6,19,158763,233652,12297.473684211,8355.9473684211
2017-03-12,2017,03,12,7,24,131164,223182,9299.25,5465.1666666667
2017-03-13,2017,03,13,1,27,167301,512239,18971.814814815,6196.3333333333
2017-03-14,2017,03,14,2,25,136546,232455,9298.2,5461.84
2017-03-15,2017,03,15,3,32,203257,348068,10877.125,6351.78125
2017-03-16,2017,03,16,4,38,272014,466088,12265.473684211,7158.2631578947
2017-03-17,2017,03,17,5,29,171984,443098,15279.24137931,5930.4827586207
2017-03-18,2017,03,18,6,23,166141,335507,14587.260869565,7223.5217391304
2017-03-19,2017,03,19,7,28,284702,483763,17277.25,10167.928571429
2017-03-20,2017,03,20,1,21,119396,248541,11835.285714286,5685.5238095238
2017-03-21,2017,03,21,2,25,132226,239402,9576.08,5289.04
2017-03-22,2017,03,22,3,34,214415,464061,13648.852941176,6306.3235294118
2017-03-23,2017,03,23,4,16,91333,246836,15427.25,5708.3125
2017-03-24,2017,03,24,5,33,213400,394352,11950.060606061,6466.6666666667
2017-03-25,2017,03,25,6,29,211168,287347,9908.5172413793,7281.6551724138
2017-03-26,2017,03,26,7,19,121836,367564,19345.473684211,6412.4210526316
2017-03-27,2017,03,27,1,36,297664,871064,24196.222222222,8268.4444444444
2017-03-28,2017,03,28,2,20,143089,302512,15125.6,7154.45
2017-03-29,2017,03,29,3,30,239219,240843,8028.1,7973.9666666667
2017-03-30,2017,03,30,4,29,158021,487004,16793.24137931,5449
2017-03-31,2017,03,31,5,42,281358,555731,13231.69047619,6699
2017-04-01,2017,04,01,6,23,161999,197101,8569.6086956522,7043.4347826087
2017-04-02,2017,04,02,7,32,178213,360073,11252.28125,5569.15625
2017-04-03,2017,04,03,1,31,247888,545918,17610.258064516,7996.3870967742
2017-04-04,2017,04,04,2,22,147793,193870,8812.2727272727,6717.8636363636
2017-04-05,2017,04,05,3,30,222844,278420,9280.6666666667,7428.1333333333
2017-04-06,2017,04,06,4,32,188996,354363,11073.84375,5906.125
2017-04-07,2017,04,07,5,33,191155,274837,8328.3939393939,5792.5757575758
2017-04-08,2017,04,08,6,31,224378,426100,13745.161290323,7238
2017-04-09,2017,04,09,7,24,193097,334986,13957.75,8045.7083333333
2017-04-10,2017,04,10,1,34,246168,328256,9654.5882352941,7240.2352941176
2017-04-11,2017,04,11,2,30,187248,309153,10305.1,6241.6
2017-04-12,2017,04,12,3,37,193968,429129,11598.081081081,5242.3783783784
2017-04-13,2017,04,13,4,52,300429,517543,9952.75,5777.4807692308
2017-04-14,2017,04,14,5,44,321268,370947,8430.6136363636,7301.5454545455
2017-04-15,2017,04,15,6,34,222465,361653,10636.852941176,6543.0882352941
2017-04-16,2017,04,16,7,21,106376,252671,12031.952380952,5065.5238095238
2017-04-17,2017,04,17,1,31,217141,451313,14558.483870968,7004.5483870968
2017-04-18,2017,04,18,2,28,139160,204619,7307.8214285714,4970
2017-04-19,2017,04,19,3,21,109051,336185,16008.80952381,5192.9047619048
2017-04-20,2017,04,20,4,28,182670,388525,13875.892857143,6523.9285714286
2017-04-21,2017,04,21,5,31,181451,268519,8661.9032258065,5853.2580645161
2017-04-22,2017,04,22,6,19,165702,243304,12805.473684211,8721.1578947368
2017-04-23,2017,04,23,7,19,129331,350599,18452.578947368,6806.8947368421
2017-04-24,2017,04,24,1,36,241264,527804,14661.222222222,6701.7777777778
2017-04-25,2017,04,25,2,20,117417,165239,8261.95,5870.85
2017-04-26,2017,04,26,3,24,181643,224829,9367.875,7568.4583333333
2017-04-27,2017,04,27,4,33,288123,425359,12889.666666667,8731
2017-04-28,2017,04,28,5,24,168652,495623,20650.958333333,7027.1666666667
2017-04-29,2017,04,29,6,16,126279,132498,8281.125,7892.4375
2017-04-30,2017,04,30,7,19,151455,317679,16719.947368421,7971.3157894737
2017-05-01,2017,05,01,1,22,127169,223262,10148.272727273,5780.4090909091
2017-05-02,2017,05,02,2,19,124470,228105,12005.526315789,6551.0526315789
2017-05-03,2017,05,03,3,20,129387,339957,16997.85,6469.35
2017-05-04,2017,05,04,4,16,137879,199922,12495.125,8617.4375
2017-05-05,2017,05,05,5,29,204222,308217,10628.172413793,7042.1379310345
2017-05-06,2017,05,06,6,19,128743,206409,10863.631578947,6775.9473684211
2017-05-07,2017,05,07,7,14,121438,155034,11073.857142857,8674.1428571429
2017-05-08,2017,05,08,1,28,164629,233564,8341.5714285714,5879.6071428571
2017-05-09,2017,05,09,2,15,107080,319976,21331.733333333,7138.6666666667
2017-05-10,2017,05,10,3,30,145436,297049,9901.6333333333,4847.8666666667
2017-05-11,2017,05,11,4,32,225675,493655,15426.71875,7052.34375
2017-05-12,2017,05,12,5,21,130654,187836,8944.5714285714,6221.619047619
2017-05-13,2017,05,13,6,26,166098,235419,9054.5769230769,6388.3846153846
2017-05-14,2017,05,14,7,25,127241,359377,14375.08,5089.64
2017-05-15,2017,05,15,1,25,220430,416811,16672.44,8817.2
2017-05-16,2017,05,16,2,31,203929,475600,15341.935483871,6578.3548387097
2017-05-17,2017,05,17,3,29,188089,356000,12275.862068966,6485.8275862069
2017-05-18,2017,05,18,4,24,162521,331292,13803.833333333,6771.7083333333
2017-05-19,2017,05,19,5,29,224020,302735,10439.137931034,7724.8275862069
2017-05-20,2017,05,20,6,17,116596,120528,7089.8823529412,6858.5882352941
2017-05-21,2017,05,21,7,27,206532,388210,14378.148148148,7649.3333333333
2017-05-22,2017,05,22,1,32,214457,484987,15155.84375,6701.78125
2017-05-23,2017,05,23,2,37,234575,434482,11742.756756757,6339.8648648649
2017-05-24,2017,05,24,3,16,127834,342747,21421.6875,7989.625
2017-05-25,2017,05,25,4,27,233418,400524,14834.222222222,8645.1111111111
2017-05-26,2017,05,26,5,20,156137,326178,16308.9,7806.85
2017-05-27,2017,05,27,6,24,174192,266808,11117,7258
2017-05-28,2017,05,28,7,17,110172,287595,16917.352941176,6480.7058823529
2017-05-29,2017,05,29,1,29,211585,510870,17616.206896552,7296.0344827586
2017-05-30,2017,05,30,2,21,100191,248239,11820.904761905,4771
2017-05-31,2017,05,31,3,30,231554,528618,17620.6,7718.4666666667
2017-06-01,2017,06,01,4,25,187223,359199,14367.96,7488.92
2017-06-02,2017,06,02,5,30,263921,669103,22303.433333333,8797.3666666667
2017-06-03,2017,06,03,6,19,148503,324317,17069.315789474,7815.9473684211
2017-06-04,2017,06,04,7,13,93464,166251,12788.538461538,7189.5384615385
2017-06-05,2017,06,05,1,37,246393,640545,17312.027027027,6659.2702702703
2017-06-06,2017,06,06,2,22,148397,262148,11915.818181818,6745.3181818182
2017-06-07,2017,06,07,3,24,205433,286963,11956.791666667,8559.7083333333
2017-06-08,2017,06,08,4,29,191113,358100,12348.275862069,6590.1034482759
2017-06-09,2017,06,09,5,23,191970,234213,10183.173913043,8346.5217391304
2017-06-10,2017,06,10,6,23,141207,362435,15758.043478261,6139.4347826087
2017-06-11,2017,06,11,7,11,87169,117684,10698.545454545,7924.4545454545
2017-06-12,2017,06,12,1,15,99924,199676,13311.733333333,6661.6
2017-06-13,2017,06,13,2,24,154791,418413,17433.875,6449.625
2017-06-14,2017,06,14,3,17,86076,222306,13076.823529412,5063.2941176471
2017-06-15,2017,06,15,4,29,176754,362552,12501.793103448,6094.9655172414
2017-06-16,2017,06,16,5,28,216250,708648,25308.857142857,7723.2142857143
2017-06-17,2017,06,17,6,17,85507,208308,12253.411764706,5029.8235294118
2017-06-18,2017,06,18,7,17,106424,134404,7906.1176470588,6260.2352941176
2017-06-19,2017,06,19,1,20,115594,144576,7228.8,5779.7
2017-06-20,2017,06,20,2,26,191837,316503,12173.192307692,7378.3461538462
2017-06-21,2017,06,21,3,22,189420,316089,14367.681818182,8610
2017-06-22,2017,06,22,4,21,127143,151761,7226.7142857143,6054.4285714286
2017-06-23,2017,06,23,5,18,129154,204448,11358.222222222,7175.2222222222
2017-06-24,2017,06,24,6,16,120958,340787,21299.1875,7559.875
2017-06-25,2017,06,25,7,12,78549,187191,15599.25,6545.75
2017-06-26,2017,06,26,1,22,144959,193621,8800.9545454545,6589.0454545455
2017-06-27,2017,06,27,2,16,114602,240525,15032.8125,7162.625
2017-06-28,2017,06,28,3,17,121770,197413,11612.529411765,7162.9411764706
2017-06-29,2017,06,29,4,26,138422,203542,7828.5384615385,5323.9230769231
2017-06-30,2017,06,30,5,30,212595,595584,19852.8,7086.5
2017-07-01,2017,07,01,6,23,252748,196806,8556.7826086957,10989.043478261
2017-07-02,2017,07,02,7,20,123684,219971,10998.55,6184.2
2017-07-03,2017,07,03,1,34,268219,466760,13728.235294118,7888.7941176471
2017-07-04,2017,07,04,2,16,92295,160455,10028.4375,5768.4375
2017-07-05,2017,07,05,3,21,159192,335710,15986.19047619,7580.5714285714
2017-07-06,2017,07,06,4,26,174495,368386,14168.692307692,6711.3461538462
2017-07-07,2017,07,07,5,19,121242,257299,13542.052631579,6381.1578947368
2017-07-08,2017,07,08,6,15,110973,117257,7817.1333333333,7398.2
2017-07-09,2017,07,09,7,15,123512,295343,19689.533333333,8234.1333333333
2017-07-10,2017,07,10,1,23,132917,198966,8650.6956521739,5779
2017-07-11,2017,07,11,2,16,113676,179680,11230,7104.75
2017-07-12,2017,07,12,3,28,165158,255969,9141.75,5898.5
2017-07-13,2017,07,13,4,19,136083,344519,18132.578947368,7162.2631578947
2017-07-14,2017,07,14,5,27,206261,252955,9368.7037037037,7639.2962962963
2017-07-15,2017,07,15,6,21,163782,246519,11739,7799.1428571429
2017-07-16,2017,07,16,7,11,64962,130108,11828,5905.6363636364
2017-07-17,2017,07,17,1,30,224079,343518,11450.6,7469.3
2017-07-18,2017,07,18,2,17,96622,380194,22364.352941176,5683.6470588235
2017-07-19,2017,07,19,3,15,116701,189046,12603.066666667,7780.0666666667
2017-07-20,2017,07,20,4,14,99856,160090,11435,7132.5714285714
2017-07-21,2017,07,21,5,15,130444,159142,10609.466666667,8696.2666666667
2017-07-22,2017,07,22,6,12,74752,227457,18954.75,6229.3333333333
2017-07-23,2017,07,23,7,21,97248,305996,14571.238095238,4630.8571428571
2017-07-24,2017,07,24,1,14,122102,129733,9266.6428571429,8721.5714285714
2017-07-25,2017,07,25,2,16,103456,143416,8963.5,6466
2017-07-26,2017,07,26,3,12,63579,83546,6962.1666666667,5298.25
2017-07-27,2017,07,27,4,18,114369,185351,10297.277777778,6353.8333333333
2017-07-28,2017,07,28,5,25,195381,415610,16624.4,7815.24
2017-07-29,2017,07,29,6,14,75599,143582,10255.857142857,5399.9285714286
2017-07-30,2017,07,30,7,18,144621,213986,11888.111111111,8034.5
2017-07-31,2017,07,31,1,18,169135,341339,18963.277777778,9396.3888888889
2017-08-01,2017,08,01,2,21,167572,199316,9491.2380952381,7979.619047619
2017-08-02,2017,08,02,3,16,88547,215430,13464.375,5534.1875
2017-08-03,2017,08,03,4,22,166243,258092,11731.454545455,7556.5
2017-08-04,2017,08,04,5,18,138510,156925,8718.0555555556,7695
2017-08-05,2017,08,05,6,21,162092,262259,12488.523809524,7718.6666666667
2017-08-06,2017,08,06,7,13,87582,147218,11324.461538462,6737.0769230769
2017-08-07,2017,08,07,1,23,128719,218212,9487.4782608696,5596.4782608696
2017-08-08,2017,08,08,2,15,91984,224793,14986.2,6132.2666666667
2017-08-09,2017,08,09,3,11,64406,104282,9480.1818181818,5855.0909090909
2017-08-10,2017,08,10,4,30,114271,336799,11226.633333333,3809.0333333333
2017-08-11,2017,08,11,5,22,134508,223979,10180.863636364,6114
2017-08-12,2017,08,12,6,15,96095,134149,8943.2666666667,6406.3333333333
2017-08-13,2017,08,13,7,18,96874,531836,29546.444444444,5381.8888888889
2017-08-14,2017,08,14,1,20,166997,354298,17714.9,8349.85
2017-08-15,2017,08,15,2,17,105645,105063,6180.1764705882,6214.4117647059
2017-08-16,2017,08,16,3,19,93958,171866,9045.5789473684,4945.1578947368
2017-08-17,2017,08,17,4,32,143738,217666,6802.0625,4491.8125
2017-08-18,2017,08,18,5,45,300361,484638,10769.733333333,6674.6888888889
2017-08-19,2017,08,19,6,43,300513,587532,13663.534883721,6988.6744186047
2017-08-20,2017,08,20,7,33,189904,442550,13410.606060606,5754.6666666667
2017-08-21,2017,08,21,1,34,279313,535972,15763.882352941,8215.0882352941
2017-08-22,2017,08,22,2,26,122695,203072,7810.4615384615,4719.0384615385
2017-08-23,2017,08,23,3,30,204889,441348,14711.6,6829.6333333333
2017-08-24,2017,08,24,4,26,171565,334803,12877.038461538,6598.6538461538
2017-08-25,2017,08,25,5,29,163653,351535,12121.896551724,5643.2068965517
2017-08-26,2017,08,26,6,31,185521,282312,9106.8387096774,5984.5483870968
2017-08-27,2017,08,27,7,35,280955,435360,12438.857142857,8027.2857142857
2017-08-28,2017,08,28,1,50,327832,839223,16784.46,6556.64
2017-08-29,2017,08,29,2,39,244918,765728,19634.051282051,6279.9487179487
2017-08-30,2017,08,30,3,48,411158,614674,12805.708333333,8565.7916666667
2017-08-31,2017,08,31,4,31,220132,445552,14372.64516129,7101.0322580645
2017-09-01,2017,09,01,5,51,289217,535826,10506.392156863,5670.9215686275
2017-09-02,2017,09,02,6,37,203089,425252,11493.297297297,5488.8918918919
2017-09-03,2017,09,03,7,27,177662,323921,11997.074074074,6580.0740740741
2017-09-04,2017,09,04,1,33,233001,394359,11950.272727273,7060.6363636364
2017-09-05,2017,09,05,2,34,208727,311982,9175.9411764706,6139.0294117647
2017-09-06,2017,09,06,3,48,249642,339137,7065.3541666667,5200.875
2017-09-07,2017,09,07,4,38,288275,419126,11029.631578947,7586.1842105263
2017-09-08,2017,09,08,5,44,337963,640245,14551.022727273,7680.9772727273
2017-09-09,2017,09,09,6,27,243407,408482,15128.962962963,9015.0740740741
2017-09-10,2017,09,10,7,32,193779,299155,9348.59375,6055.59375
2017-09-11,2017,09,11,1,40,209825,566307,14157.675,5245.625
2017-09-12,2017,09,12,2,27,112817,350520,12982.222222222,4178.4074074074
2017-09-13,2017,09,13,3,31,198210,396173,12779.774193548,6393.8709677419
2017-09-14,2017,09,14,4,32,259162,538382,16824.4375,8098.8125
2017-09-15,2017,09,15,5,35,229121,345358,9867.3714285714,6546.3142857143
2017-09-16,2017,09,16,6,35,228712,349668,9990.5142857143,6534.6285714286
2017-09-17,2017,09,17,7,28,234840,429206,15328.785714286,8387.1428571429
2017-09-18,2017,09,18,1,38,228113,403256,10612,6002.9736842105
2017-09-19,2017,09,19,2,32,181791,353505,11047.03125,5680.96875
2017-09-20,2017,09,20,3,28,141962,225808,8064.5714285714,5070.0714285714
2017-09-21,2017,09,21,4,37,209775,564042,15244.378378378,5669.5945945946
2017-09-22,2017,09,22,5,40,257911,497565,12439.125,6447.775
2017-09-23,2017,09,23,6,25,215760,382140,15285.6,8630.4
2017-09-24,2017,09,24,7,25,171131,318759,12750.36,6845.24
2017-09-25,2017,09,25,1,39,283137,492679,12632.794871795,7259.9230769231
2017-09-26,2017,09,26,2,29,128588,344154,11867.379310345,4434.0689655172
2017-09-27,2017,09,27,3,38,277438,375170,9872.8947368421,7301
2017-09-28,2017,09,28,4,32,202879,379663,11864.46875,6339.96875
2017-09-29,2017,09,29,5,32,348682,520943,16279.46875,10896.3125
2017-09-30,2017,09,30,6,32,343132,521162,16286.3125,10722.875
2017-10-01,2017,10,01,7,29,186826,257113,8865.9655172414,6442.275862069
2017-10-02,2017,10,02,1,32,212941,389015,12156.71875,6654.40625
2017-10-03,2017,10,03,2,23,148803,313439,13627.782608696,6469.6956521739
2017-10-04,2017,10,04,3,30,199728,326294,10876.466666667,6657.6
2017-10-05,2017,10,05,4,38,336248,535298,14086.789473684,8848.6315789474
2017-10-06,2017,10,06,5,40,360193,483752,12093.8,9004.825
2017-10-07,2017,10,07,6,26,160417,391874,15072.076923077,6169.8846153846
2017-10-08,2017,10,08,7,37,224002,416776,11264.216216216,6054.1081081081
2017-10-09,2017,10,09,1,37,206571,485450,13120.27027027,5583
2017-10-10,2017,10,10,2,37,217704,342918,9268.0540540541,5883.8918918919
2017-10-11,2017,10,11,3,36,204417,274781,7632.8055555556,5678.25
2017-10-12,2017,10,12,4,32,246349,417264,13039.5,7698.40625
2017-10-13,2017,10,13,5,33,269743,411416,12467.151515152,8174.0303030303
2017-10-14,2017,10,14,6,37,232189,353122,9543.8378378378,6275.3783783784
2017-10-15,2017,10,15,7,32,289494,456160,14255,9046.6875
2017-10-16,2017,10,16,1,52,251667,456086,8770.8846153846,4839.75
2017-10-17,2017,10,17,2,33,188174,368471,11165.787878788,5702.2424242424
2017-10-18,2017,10,18,3,46,288589,495802,10778.304347826,6273.6739130435
2017-10-19,2017,10,19,4,35,302110,432142,12346.914285714,8631.7142857143
2017-10-20,2017,10,20,5,34,312835,417402,12276.529411765,9201.0294117647
2017-10-21,2017,10,21,6,25,200747,371860,14874.4,8029.88
2017-10-22,2017,10,22,7,37,236686,420423,11362.783783784,6396.9189189189
2017-10-23,2017,10,23,1,37,227267,445146,12030.972972973,6142.3513513514
2017-10-24,2017,10,24,2,39,273021,523187,13415.051282051,7000.5384615385
2017-10-25,2017,10,25,3,34,204262,372795,10964.558823529,6007.7058823529
2017-10-26,2017,10,26,4,46,367786,562802,12234.826086957,7995.347826087
2017-10-27,2017,10,27,5,37,273744,316532,8554.9189189189,7398.4864864865
2017-10-28,2017,10,28,6,34,218929,363409,10688.5,6439.0882352941
2017-10-29,2017,10,29,7,40,290287,378061,9451.525,7257.175
2017-10-30,2017,10,30,1,30,189922,219103,7303.4333333333,6330.7333333333
2017-10-31,2017,10,31,2,36,192686,496614,13794.833333333,5352.3888888889
2017-11-01,2017,11,01,3,27,185291,372388,13792.148148148,6862.6296296296
2017-11-02,2017,11,02,4,29,238493,326546,11260.206896552,8223.8965517241
2017-11-03,2017,11,03,5,37,325066,639269,17277.540540541,8785.5675675676
2017-11-04,2017,11,04,6,28,286587,423373,15120.464285714,10235.25
2017-11-05,2017,11,05,7,27,184938,338123,12523.074074074,6849.5555555556
2017-11-06,2017,11,06,1,44,358548,524138,11912.227272727,8148.8181818182
2017-11-07,2017,11,07,2,28,158423,301817,10779.178571429,5657.9642857143
2017-11-08,2017,11,08,3,26,127446,139131,5351.1923076923,4901.7692307692
2017-11-09,2017,11,09,4,36,258598,586193,16283.138888889,7183.2777777778
2017-11-10,2017,11,10,5,37,274134,382508,10338.054054054,7409.027027027
2017-11-11,2017,11,11,6,35,302152,445278,12722.228571429,8632.9142857143
2017-11-12,2017,11,12,7,29,219632,379699,13093.068965517,7573.5172413793
2017-11-13,2017,11,13,1,34,212016,437014,12853.352941176,6235.7647058824
2017-11-14,2017,11,14,2,27,186271,296373,10976.777777778,6898.9259259259
2017-11-15,2017,11,15,3,34,234166,223685,6578.9705882353,6887.2352941176
2017-11-16,2017,11,16,4,45,318830,722141,16047.577777778,7085.1111111111
2017-11-17,2017,11,17,5,33,192384,368993,11181.606060606,5829.8181818182
2017-11-18,2017,11,18,6,30,305709,501627,16720.9,10190.3
2017-11-19,2017,11,19,7,30,218776,480042,16001.4,7292.5333333333
2017-11-20,2017,11,20,1,36,282800,473199,13144.416666667,7855.5555555556
2017-11-21,2017,11,21,2,40,249178,437188,10929.7,6229.45
2017-11-22,2017,11,22,3,34,216400,315077,9266.9705882353,6364.7058823529
2017-11-23,2017,11,23,4,31,218063,385966,12450.516129032,7034.2903225806
2017-11-24,2017,11,24,5,36,267575,338509,9403.0277777778,7432.6388888889
2017-11-25,2017,11,25,6,33,247647,555812,16842.787878788,7504.4545454545
2017-11-26,2017,11,26,7,30,216907,432852,14428.4,7230.2333333333
2017-11-27,2017,11,27,1,43,310797,517405,12032.674418605,7227.8372093023
2017-11-28,2017,11,28,2,27,223215,318360,11791.111111111,8267.2222222222
2017-11-29,2017,11,29,3,33,207822,308322,9343.0909090909,6297.6363636364
2017-11-30,2017,11,30,4,31,298403,398145,12843.387096774,9625.9032258065
2017-12-01,2017,12,01,5,50,360619,414439,8288.78,7212.38
2017-12-02,2017,12,02,6,36,299216,440008,12222.444444444,8311.5555555556
2017-12-03,2017,12,03,7,34,215928,280334,8245.1176470588,6350.8235294118
2017-12-04,2017,12,04,1,30,238601,830785,27692.833333333,7953.3666666667
2017-12-05,2017,12,05,2,51,424018,499896,9801.8823529412,8314.0784313725
2017-12-06,2017,12,06,3,39,397966,484566,12424.769230769,10204.256410256
2017-12-07,2017,12,07,4,46,373429,513255,11157.717391304,8118.0217391304
2017-12-08,2017,12,08,5,33,251596,481933,14604.03030303,7624.1212121212
2017-12-09,2017,12,09,6,38,254437,385297,10139.394736842,6695.7105263158
2017-12-10,2017,12,10,7,35,261772,493494,14099.828571429,7479.2
2017-12-11,2017,12,11,1,41,324549,514153,12540.317073171,7915.8292682927
2017-12-12,2017,12,12,2,49,409798,657387,13416.06122449,8363.2244897959
2017-12-13,2017,12,13,3,55,462303,959349,17442.709090909,8405.5090909091
2017-12-14,2017,12,14,4,49,396616,523151,10676.551020408,8094.2040816327
2017-12-15,2017,12,15,5,50,420920,640692,12813.84,8418.4
2017-12-16,2017,12,16,6,37,313746,378359,10225.918918919,8479.6216216216
2017-12-17,2017,12,17,7,38,631347,575245,15138.026315789,16614.394736842
2017-12-18,2017,12,18,1,43,641169,392656,9131.5348837209,14910.906976744
2017-12-19,2017,12,19,2,47,326823,495869,10550.404255319,6953.6808510638
2017-12-20,2017,12,20,3,39,541734,784219,20108.179487179,13890.615384615
2017-12-21,2017,12,21,4,62,624407,677365,10925.241935484,10071.080645161
2017-12-22,2017,12,22,5,48,615681,555157,11565.770833333,12826.6875
2017-12-23,2017,12,23,6,40,496332,513371,12834.275,12408.3
2017-12-24,2017,12,24,7,48,444734,546859,11392.895833333,9265.2916666667
2017-12-25,2017,12,25,1,60,660099,532194,8869.9,11001.65
2017-12-26,2017,12,26,2,54,612022,562351,10413.907407407,11333.740740741
2017-12-27,2017,12,27,3,58,580016,630522,10871.068965517,10000.275862069
2017-12-28,2017,12,28,4,62,532456,663154,10696.032258065,8588
2017-12-29,2017,12,29,5,65,568253,588893,9059.8923076923,8742.3538461538
2017-12-30,2017,12,30,6,28,332799,355334,12690.5,11885.678571429
2017-12-31,2017,12,31,7,5,33311,41472,8294.4,6662.2
2018-01-01,2018,01,01,1,12,82153,107383,8948.5833333333,6846.0833333333
2018-01-02,2018,01,02,2,22,150399,201609,9164.0454545455,6836.3181818182
2018-01-03,2018,01,03,3,17,83055,92228,5425.1764705882,4885.5882352941
2018-01-04,2018,01,04,4,32,197328,277936,8685.5,6166.5
2018-01-05,2018,01,05,5,25,206177,231664,9266.56,8247.08
2018-01-06,2018,01,06,6,28,223839,344738,12312.071428571,7994.25
2018-01-07,2018,01,07,7,21,136857,318898,15185.619047619,6517
2018-01-08,2018,01,08,1,29,285133,440403,15186.310344828,9832.1724137931
2018-01-09,2018,01,09,2,36,275505,493871,13718.638888889,7652.9166666667
2018-01-10,2018,01,10,3,34,204063,427133,12562.735294118,6001.8529411765
2018-01-11,2018,01,11,4,39,289220,495671,12709.512820513,7415.8974358974
2018-01-12,2018,01,12,5,37,293197,793949,21458.081081081,7924.2432432432
2018-01-13,2018,01,13,6,34,248274,332319,9774.0882352941,7302.1764705882
2018-01-14,2018,01,14,7,16,107696,177558,11097.375,6731
2018-01-15,2018,01,15,1,33,238933,374400,11345.454545455,7240.3939393939
2018-01-16,2018,01,16,2,42,335323,425286,10125.857142857,7983.880952381
2018-01-17,2018,01,17,3,40,324380,543181,13579.525,8109.5
2018-01-18,2018,01,18,4,35,267627,502599,14359.971428571,7646.4857142857
2018-01-19,2018,01,19,5,35,221887,401346,11467.028571429,6339.6285714286
2018-01-20,2018,01,20,6,28,228553,860156,30719.857142857,8162.6071428571
2018-01-21,2018,01,21,7,20,142235,215735,10786.75,7111.75
2018-01-22,2018,01,22,1,40,188644,441278,11031.95,4716.1
2018-01-23,2018,01,23,2,35,303056,633182,18090.914285714,8658.7428571429
2018-01-24,2018,01,24,3,38,269051,659021,17342.657894737,7080.2894736842
2018-01-25,2018,01,25,4,34,261551,414875,12202.205882353,7692.6764705882
2018-01-26,2018,01,26,5,36,251521,529128,14698,6986.6944444444
2018-01-27,2018,01,27,6,40,333911,517781,12944.525,8347.775
2018-01-28,2018,01,28,7,24,195769,250998,10458.25,8157.0416666667
2018-01-29,2018,01,29,1,38,412372,507339,13351.026315789,10851.894736842
2018-01-30,2018,01,30,2,31,292105,554875,17899.193548387,9422.7419354839
2018-01-31,2018,01,31,3,38,265870,370194,9741.9473684211,6996.5789473684
2018-02-01,2018,02,01,4,41,287140,498804,12165.951219512,7003.4146341463
2018-02-02,2018,02,02,5,40,281860,541444,13536.1,7046.5
2018-02-03,2018,02,03,6,34,256257,390563,11487.147058824,7536.9705882353
2018-02-04,2018,02,04,7,38,339293,625730,16466.578947368,8928.7631578947
2018-02-05,2018,02,05,1,43,386661,585426,13614.558139535,8992.1162790698
2018-02-06,2018,02,06,2,43,254593,279738,6505.5348837209,5920.7674418605
2018-02-07,2018,02,07,3,40,250803,404603,10115.075,6270.075
2018-02-08,2018,02,08,4,42,279699,501424,11938.666666667,6659.5
2018-02-09,2018,02,09,5,52,386094,676303,13005.826923077,7424.8846153846
2018-02-10,2018,02,10,6,30,207997,393656,13121.866666667,6933.2333333333
2018-02-11,2018,02,11,7,26,190617,396423,15247.038461538,7331.4230769231
2018-02-12,2018,02,12,1,44,318874,531506,12079.681818182,7247.1363636364
2018-02-13,2018,02,13,2,34,213063,234745,6904.2647058824,6266.5588235294
2018-02-14,2018,02,14,3,40,311754,485803,12145.075,7793.85
2018-02-15,2018,02,15,4,36,374614,418241,11617.805555556,10405.944444444
2018-02-16,2018,02,16,5,35,250192,368001,10514.314285714,7148.3428571429
2018-02-17,2018,02,17,6,32,215834,398459,12451.84375,6744.8125
2018-02-18,2018,02,18,7,33,221725,361686,10960.181818182,6718.9393939394
2018-02-19,2018,02,19,1,32,222533,285209,8912.78125,6954.15625
2018-02-20,2018,02,20,2,36,376889,539073,14974.25,10469.138888889
2018-02-21,2018,02,21,3,37,233126,570616,15422.054054054,6300.7027027027
2018-02-22,2018,02,22,4,39,333044,526739,13506.128205128,8539.5897435897
2018-02-23,2018,02,23,5,25,207335,268126,10725.04,8293.4
2018-02-24,2018,02,24,6,23,167170,552406,24017.652173913,7268.2608695652
2018-02-25,2018,02,25,7,29,205171,348117,12004.034482759,7074.8620689655
2018-02-26,2018,02,26,1,36,259912,416197,11561.027777778,7219.7777777778
2018-02-27,2018,02,27,2,41,270948,955321,23300.512195122,6608.487804878
2018-02-28,2018,02,28,3,36,248207,497884,13830.111111111,6894.6388888889
2018-03-01,2018,03,01,4,45,445506,721848,16041.066666667,9900.1333333333
2018-03-02,2018,03,02,5,49,335724,554061,11307.367346939,6851.5102040816
2018-03-03,2018,03,03,6,30,226821,395247,13174.9,7560.7
2018-03-04,2018,03,04,7,38,226863,441745,11624.868421053,5970.0789473684
2018-03-05,2018,03,05,1,46,330837,374820,8148.2608695652,7192.1086956522
2018-03-06,2018,03,06,2,49,359505,617157,12595.040816327,7336.8367346939
2018-03-07,2018,03,07,3,40,321276,320021,8000.525,8031.9
2018-03-08,2018,03,08,4,32,255919,348211,10881.59375,7997.46875
2018-03-09,2018,03,09,5,19,129115,321844,16939.157894737,6795.5263157895
2018-03-10,2018,03,10,6,29,214292,350040,12070.344827586,7389.3793103448
2018-03-11,2018,03,11,7,32,264783,505278,15789.9375,8274.46875
2018-03-12,2018,03,12,1,31,241467,426520,13758.709677419,7789.2580645161
2018-03-13,2018,03,13,2,33,239583,402579,12199.363636364,7260.0909090909
2018-03-14,2018,03,14,3,41,215834,475071,11587.097560976,5264.243902439
2018-03-15,2018,03,15,4,40,250739,341848,8546.2,6268.475
2018-03-16,2018,03,16,5,34,269430,847031,24912.676470588,7924.4117647059
2018-03-17,2018,03,17,6,36,274556,407237,11312.138888889,7626.5555555556
2018-03-18,2018,03,18,7,35,261441,548497,15671.342857143,7469.7428571429
2018-03-19,2018,03,19,1,29,217772,334050,11518.965517241,7509.3793103448
2018-03-20,2018,03,20,2,25,169533,310851,12434.04,6781.32
2018-03-21,2018,03,21,3,28,160439,321720,11490,5729.9642857143
2018-03-22,2018,03,22,4,38,400280,655806,17258.052631579,10533.684210526
2018-03-23,2018,03,23,5,34,280734,370869,10907.911764706,8256.8823529412
2018-03-24,2018,03,24,6,31,219481,287850,9285.4838709677,7080.0322580645
2018-03-25,2018,03,25,7,39,257682,639822,16405.692307692,6607.2307692308
2018-03-26,2018,03,26,1,31,213088,339953,10966.225806452,6873.8064516129
2018-03-27,2018,03,27,2,31,185139,345152,11133.935483871,5972.2258064516
2018-03-28,2018,03,28,3,28,174177,575540,20555,6220.6071428571
2018-03-29,2018,03,29,4,24,160836,315436,13143.166666667,6701.5
2018-03-30,2018,03,30,5,34,284060,552147,16239.617647059,8354.7058823529
2018-03-31,2018,03,31,6,36,277989,460905,12802.916666667,7721.9166666667
2018-04-01,2018,04,01,7,31,169378,237506,7661.4838709677,5463.8064516129
2018-04-02,2018,04,02,1,31,196039,252425,8142.7419354839,6323.8387096774
2018-04-03,2018,04,03,2,39,299824,434806,11148.871794872,7687.7948717949
2018-04-04,2018,04,04,3,56,505680,781323,13952.196428571,9030
2018-04-05,2018,04,05,4,41,259228,493626,12039.658536585,6322.6341463415
2018-04-06,2018,04,06,5,48,354575,768590,16012.291666667,7386.9791666667
2018-04-07,2018,04,07,6,44,336508,519573,11808.477272727,7647.9090909091
2018-04-08,2018,04,08,7,24,155293,513181,21382.541666667,6470.5416666667
2018-04-09,2018,04,09,1,29,180564,418697,14437.827586207,6226.3448275862
2018-04-10,2018,04,10,2,30,163719,439640,14654.666666667,5457.3
2018-04-11,2018,04,11,3,38,278693,487686,12833.842105263,7334.0263157895
2018-04-12,2018,04,12,4,27,244984,359185,13303.148148148,9073.4814814815
2018-04-13,2018,04,13,5,27,185148,291226,10786.148148148,6857.3333333333
2018-04-14,2018,04,14,6,27,164236,399299,14788.851851852,6082.8148148148
2018-04-15,2018,04,15,7,19,153832,149688,7878.3157894737,8096.4210526316
2018-04-16,2018,04,16,1,30,213662,214135,7137.8333333333,7122.0666666667
2018-04-17,2018,04,17,2,31,232070,397425,12820.161290323,7486.1290322581
2018-04-18,2018,04,18,3,33,336071,607108,18397.212121212,10183.96969697
2018-04-19,2018,04,19,4,19,130267,337255,17750.263157895,6856.1578947368
2018-04-20,2018,04,20,5,25,186110,287155,11486.2,7444.4
2018-04-21,2018,04,21,6,28,235750,513549,18341.035714286,8419.6428571429
2018-04-22,2018,04,22,7,25,166953,292663,11706.52,6678.12
2018-04-23,2018,04,23,1,34,177375,383521,11280.029411765,5216.9117647059
2018-04-24,2018,04,24,2,29,174772,238671,8230.0344827586,6026.6206896552
2018-04-25,2018,04,25,3,30,219318,304891,10163.033333333,7310.6
2018-04-26,2018,04,26,4,17,122673,258866,15227.411764706,7216.0588235294
2018-04-27,2018,04,27,5,25,196020,446734,17869.36,7840.8
2018-04-28,2018,04,28,6,28,203516,540198,19292.785714286,7268.4285714286
2018-04-29,2018,04,29,7,25,131791,460268,18410.72,5271.64
2018-04-30,2018,04,30,1,15,103512,282490,18832.666666667,6900.8
2018-05-01,2018,05,01,2,24,195322,279814,11658.916666667,8138.4166666667
2018-05-02,2018,05,02,3,25,152234,311741,12469.64,6089.36
2018-05-03,2018,05,03,4,17,99416,143700,8452.9411764706,5848
2018-05-04,2018,05,04,5,30,300087,430829,14360.966666667,10002.9
2018-05-05,2018,05,05,6,23,189909,213548,9284.6956521739,8256.9130434783
2018-05-06,2018,05,06,7,22,124919,138716,6305.2727272727,5678.1363636364
2018-05-07,2018,05,07,1,26,183786,284063,10925.5,7068.6923076923
2018-05-08,2018,05,08,2,24,147827,239103,9962.625,6159.4583333333
2018-05-09,2018,05,09,3,27,243835,404064,14965.333333333,9030.9259259259
2018-05-10,2018,05,10,4,33,244025,511980,15514.545454545,7394.696969697
2018-05-11,2018,05,11,5,25,206058,294099,11763.96,8242.32
2018-05-12,2018,05,12,6,18,187095,298653,16591.833333333,10394.166666667
2018-05-13,2018,05,13,7,24,175905,253807,10575.291666667,7329.375
2018-05-14,2018,05,14,1,31,195832,371659,11989,6317.1612903226
2018-05-15,2018,05,15,2,29,219662,397375,13702.586206897,7574.5517241379
2018-05-16,2018,05,16,3,26,252788,669988,25768.769230769,9722.6153846154
2018-05-17,2018,05,17,4,30,186089,246451,8215.0333333333,6202.9666666667
2018-05-18,2018,05,18,5,37,298707,552555,14933.918918919,8073.1621621622
2018-05-19,2018,05,19,6,22,117116,220967,10043.954545455,5323.4545454545
2018-05-20,2018,05,20,7,22,207254,311839,14174.5,9420.6363636364
2018-05-21,2018,05,21,1,29,157517,345076,11899.172413793,5431.6206896552
2018-05-22,2018,05,22,2,25,164154,414244,16569.76,6566.16
2018-05-23,2018,05,23,3,28,223186,396537,14162.035714286,7970.9285714286
2018-05-24,2018,05,24,4,22,141710,243032,11046.909090909,6441.3636363636
2018-05-25,2018,05,25,5,35,296976,532894,15225.542857143,8485.0285714286
2018-05-26,2018,05,26,6,19,144514,214909,11311,7606
2018-05-27,2018,05,27,7,15,96898,225325,15021.666666667,6459.8666666667
2018-05-28,2018,05,28,1,24,126566,269459,11227.458333333,5273.5833333333
2018-05-29,2018,05,29,2,20,140768,203576,10178.8,7038.4
2018-05-30,2018,05,30,3,25,212510,271286,10851.44,8500.4
2018-05-31,2018,05,31,4,23,149592,269915,11735.434782609,6504
2018-06-01,2018,06,01,5,33,297784,609033,18455.545454545,9023.7575757576
2018-06-02,2018,06,02,6,15,110517,176811,11787.4,7367.8
2018-06-03,2018,06,03,7,20,122938,237299,11864.95,6146.9
2018-06-04,2018,06,04,1,29,163987,234135,8073.6206896552,5654.724137931
2018-06-05,2018,06,05,2,21,130086,245889,11709,6194.5714285714
2018-06-06,2018,06,06,3,33,199357,389382,11799.454545455,6041.1212121212
2018-06-07,2018,06,07,4,24,242338,571202,23800.083333333,10097.416666667
2018-06-08,2018,06,08,5,29,147449,271528,9363.0344827586,5084.4482758621
2018-06-09,2018,06,09,6,27,171827,392311,14530.037037037,6363.962962963
2018-06-10,2018,06,10,7,23,138756,162324,7057.5652173913,6032.8695652174
2018-06-11,2018,06,11,1,18,163254,254819,14156.611111111,9069.6666666667
2018-06-12,2018,06,12,2,22,155989,326744,14852,7090.4090909091
2018-06-13,2018,06,13,3,28,167335,347565,12413.035714286,5976.25
2018-06-14,2018,06,14,4,23,177722,295671,12855.260869565,7727.0434782609
2018-06-15,2018,06,15,5,14,87163,140807,10057.642857143,6225.9285714286
2018-06-16,2018,06,16,6,17,130702,202849,11932.294117647,7688.3529411765
2018-06-17,2018,06,17,7,21,115610,187812,8943.4285714286,5505.2380952381
2018-06-18,2018,06,18,1,24,150924,413306,17221.083333333,6288.5
2018-06-19,2018,06,19,2,25,165349,689299,27571.96,6613.96
2018-06-20,2018,06,20,3,19,122978,213415,11232.368421053,6472.5263157895
2018-06-21,2018,06,21,4,30,205204,319845,10661.5,6840.1333333333
2018-06-22,2018,06,22,5,28,260106,339515,12125.535714286,9289.5
2018-06-23,2018,06,23,6,25,181194,314457,12578.28,7247.76
2018-06-24,2018,06,24,7,19,122631,233409,12284.684210526,6454.2631578947
2018-06-25,2018,06,25,1,19,134158,189840,9991.5789473684,7060.9473684211
2018-06-26,2018,06,26,2,15,99623,85039,5669.2666666667,6641.5333333333
2018-06-27,2018,06,27,3,30,230944,478971,15965.7,7698.1333333333
2018-06-28,2018,06,28,4,27,166535,272408,10089.185185185,6167.962962963
2018-06-29,2018,06,29,5,19,161448,203489,10709.947368421,8497.2631578947
2018-06-30,2018,06,30,6,17,77389,128268,7545.1764705882,4552.2941176471
2018-07-01,2018,07,01,7,21,144182,223144,10625.904761905,6865.8095238095
2018-07-02,2018,07,02,1,16,109471,173447,10840.4375,6841.9375
2018-07-03,2018,07,03,2,18,107511,162955,9053.0555555556,5972.8333333333
2018-07-04,2018,07,04,3,31,250085,620711,20022.935483871,8067.2580645161
2018-07-05,2018,07,05,4,16,184766,334585,20911.5625,11547.875
2018-07-06,2018,07,06,5,36,271725,405454,11262.611111111,7547.9166666667
2018-07-07,2018,07,07,6,13,69529,186905,14377.307692308,5348.3846153846
2018-07-08,2018,07,08,7,28,202851,320204,11435.857142857,7244.6785714286
2018-07-09,2018,07,09,1,13,85924,143668,11051.384615385,6609.5384615385
2018-07-10,2018,07,10,2,16,87096,185332,11583.25,5443.5
2018-07-11,2018,07,11,3,22,162142,278956,12679.818181818,7370.0909090909
2018-07-12,2018,07,12,4,20,138989,257426,12871.3,6949.45
2018-07-13,2018,07,13,5,35,263005,468660,13390.285714286,7514.4285714286
2018-07-14,2018,07,14,6,19,160634,280388,14757.263157895,8454.4210526316
2018-07-15,2018,07,15,7,20,110065,266065,13303.25,5503.25
2018-07-16,2018,07,16,1,20,110075,324320,16216,5503.75
2018-07-17,2018,07,17,2,19,122859,310490,16341.578947368,6466.2631578947
2018-07-18,2018,07,18,3,10,49645,111424,11142.4,4964.5
2018-07-19,2018,07,19,4,14,85317,181323,12951.642857143,6094.0714285714
2018-07-20,2018,07,20,5,17,103350,168774,9927.8823529412,6079.4117647059
2018-07-21,2018,07,21,6,12,117666,203044,16920.333333333,9805.5
2018-07-22,2018,07,22,7,18,106649,301859,16769.944444444,5924.9444444444
2018-07-23,2018,07,23,1,22,126578,286206,13009.363636364,5753.5454545455
2018-07-24,2018,07,24,2,15,66973,131235,8749,4464.8666666667
2018-07-25,2018,07,25,3,13,103580,334630,25740.769230769,7967.6923076923
2018-07-26,2018,07,26,4,18,140805,269964,14998,7822.5
2018-07-27,2018,07,27,5,20,165419,313318,15665.9,8270.95
2018-07-28,2018,07,28,6,12,67793,195233,16269.416666667,5649.4166666667
2018-07-29,2018,07,29,7,13,100734,266251,20480.846153846,7748.7692307692
2018-07-30,2018,07,30,1,13,78925,122492,9422.4615384615,6071.1538461538
2018-07-31,2018,07,31,2,26,176284,268009,10308.038461538,6780.1538461538
2018-08-01,2018,08,01,3,19,143403,248145,13060.263157895,7547.5263157895
2018-08-02,2018,08,02,4,12,43419,80463,6705.25,3618.25
2018-08-03,2018,08,03,5,19,153031,281845,14833.947368421,8054.2631578947
2018-08-04,2018,08,04,6,12,55807,108370,9030.8333333333,4650.5833333333
2018-08-05,2018,08,05,7,17,132847,205717,12101,7814.5294117647
2018-08-06,2018,08,06,1,15,84855,178296,11886.4,5657
2018-08-07,2018,08,07,2,17,97963,236941,13937.705882353,5762.5294117647
2018-08-08,2018,08,08,3,16,116926,242461,15153.8125,7307.875
2018-08-09,2018,08,09,4,19,108933,223866,11782.421052632,5733.3157894737
2018-08-10,2018,08,10,5,18,106262,148902,8272.3333333333,5903.4444444444
2018-08-11,2018,08,11,6,11,58426,112342,10212.909090909,5311.4545454545
2018-08-12,2018,08,12,7,16,101826,180198,11262.375,6364.125
2018-08-13,2018,08,13,1,22,155132,411706,18713.909090909,7051.4545454545
2018-08-14,2018,08,14,2,22,117762,360711,16395.954545455,5352.8181818182
2018-08-15,2018,08,15,3,10,102679,201913,20191.3,10267.9
2018-08-16,2018,08,16,4,24,167268,377749,15739.541666667,6969.5
2018-08-17,2018,08,17,5,26,192492,234397,9015.2692307692,7403.5384615385
2018-08-18,2018,08,18,6,13,101572,126123,9701.7692307692,7813.2307692308
2018-08-19,2018,08,19,7,13,70800,90445,6957.3076923077,5446.1538461538
2018-08-20,2018,08,20,1,26,204332,314714,12104.384615385,7858.9230769231
2018-08-21,2018,08,21,2,24,187319,334248,13927,7804.9583333333
2018-08-22,2018,08,22,3,17,176262,190787,11222.764705882,10368.352941176
2018-08-23,2018,08,23,4,21,142555,288311,13729.095238095,6788.3333333333
2018-08-24,2018,08,24,5,13,130705,363720,27978.461538462,10054.230769231
2018-08-25,2018,08,25,6,14,88051,170667,12190.5,6289.3571428571
2018-08-26,2018,08,26,7,19,131890,308936,16259.789473684,6941.5789473684
2018-08-27,2018,08,27,1,19,102756,184416,9706.1052631579,5408.2105263158
2018-08-28,2018,08,28,2,20,139473,221342,11067.1,6973.65
2018-08-29,2018,08,29,3,19,136198,583974,30735.473684211,7168.3157894737
2018-08-30,2018,08,30,4,17,110455,193623,11389.588235294,6497.3529411765
2018-08-31,2018,08,31,5,24,152057,334687,13945.291666667,6335.7083333333
2018-09-01,2018,09,01,6,23,179092,381393,16582.304347826,7786.6086956522
2018-09-02,2018,09,02,7,7,51102,166591,23798.714285714,7300.2857142857
2018-09-03,2018,09,03,1,20,117788,350572,17528.6,5889.4
2018-09-04,2018,09,04,2,19,135713,214404,11284.421052632,7142.7894736842
2018-09-05,2018,09,05,3,25,199227,504371,20174.84,7969.08
2018-09-06,2018,09,06,4,29,298881,609497,21017.137931034,10306.24137931
2018-09-07,2018,09,07,5,18,141627,360395,20021.944444444,7868.1666666667
2018-09-08,2018,09,08,6,17,125054,235788,13869.882352941,7356.1176470588
2018-09-09,2018,09,09,7,23,192649,220488,9586.4347826087,8376.0434782609
2018-09-10,2018,09,10,1,21,145692,536723,25558.238095238,6937.7142857143
2018-09-11,2018,09,11,2,26,138736,334567,12867.961538462,5336
2018-09-12,2018,09,12,3,24,179656,293961,12248.375,7485.6666666667
2018-09-13,2018,09,13,4,26,182045,316469,12171.884615385,7001.7307692308
2018-09-14,2018,09,14,5,18,143028,254260,14125.555555556,7946
2018-09-15,2018,09,15,6,19,102052,161132,8480.6315789474,5371.1578947368
2018-09-16,2018,09,16,7,16,86243,204100,12756.25,5390.1875
2018-09-17,2018,09,17,1,21,106602,296983,14142.047619048,5076.2857142857
2018-09-18,2018,09,18,2,23,199044,289488,12586.434782609,8654.0869565217
2018-09-19,2018,09,19,3,23,160092,381170,16572.608695652,6960.5217391304
2018-09-20,2018,09,20,4,21,139077,217722,10367.714285714,6622.7142857143
2018-09-21,2018,09,21,5,27,285497,598059,22150.333333333,10573.962962963
2018-09-22,2018,09,22,6,13,72027,98804,7600.3076923077,5540.5384615385
2018-09-23,2018,09,23,7,19,115425,433874,22835.473684211,6075
2018-09-24,2018,09,24,1,27,217737,388060,14372.592592593,8064.3333333333
2018-09-25,2018,09,25,2,22,140146,375722,17078.272727273,6370.2727272727
2018-09-26,2018,09,26,3,29,208093,521548,17984.413793103,7175.6206896552
2018-09-27,2018,09,27,4,25,133692,314921,12596.84,5347.68
2018-09-28,2018,09,28,5,20,149960,280998,14049.9,7498
2018-09-29,2018,09,29,6,17,91493,238864,14050.823529412,5381.9411764706
2018-09-30,2018,09,30,7,17,117415,148472,8733.6470588235,6906.7647058824
2018-10-01,2018,10,01,1,30,242997,642337,21411.233333333,8099.9
2018-10-02,2018,10,02,2,23,151811,223568,9720.347826087,6600.4782608696
2018-10-03,2018,10,03,3,17,125525,179207,10541.588235294,7383.8235294118
2018-10-04,2018,10,04,4,28,230931,364386,13013.785714286,8247.5357142857
2018-10-05,2018,10,05,5,31,261019,352576,11373.419354839,8419.9677419355
2018-10-06,2018,10,06,6,14,114559,196869,14062.071428571,8182.7857142857
2018-10-07,2018,10,07,7,14,94726,145943,10424.5,6766.1428571429
2018-10-08,2018,10,08,1,20,171510,78554,3927.7,8575.5
2018-10-09,2018,10,09,2,15,117196,215754,14383.6,7813.0666666667
2018-10-10,2018,10,10,3,26,180051,548269,21087.269230769,6925.0384615385
2018-10-11,2018,10,11,4,17,95661,224164,13186.117647059,5627.1176470588
2018-10-12,2018,10,12,5,24,167997,276229,11509.541666667,6999.875
2018-10-13,2018,10,13,6,10,65363,201563,20156.3,6536.3
2018-10-14,2018,10,14,7,32,199559,559546,17485.8125,6236.21875
2018-10-15,2018,10,15,1,27,162302,390862,14476.37037037,6011.1851851852
2018-10-16,2018,10,16,2,21,106787,271827,12944.142857143,5085.0952380952
2018-10-17,2018,10,17,3,26,187443,484756,18644.461538462,7209.3461538462
2018-10-18,2018,10,18,4,33,227913,480216,14552,6906.4545454545
2018-10-19,2018,10,19,5,21,124901,330008,15714.666666667,5947.6666666667
2018-10-20,2018,10,20,6,19,159502,307958,16208.315789474,8394.8421052632
2018-10-21,2018,10,21,7,20,155117,386001,19300.05,7755.85
2018-10-22,2018,10,22,1,18,167677,634895,35271.944444444,9315.3888888889
2018-10-23,2018,10,23,2,19,119510,282191,14852.157894737,6290
2018-10-24,2018,10,24,3,27,204080,702788,26029.185185185,7558.5185185185
2018-10-25,2018,10,25,4,22,166023,322802,14672.818181818,7546.5
2018-10-26,2018,10,26,5,20,132787,320595,16029.75,6639.35
2018-10-27,2018,10,27,6,16,131399,196414,12275.875,8212.4375
2018-10-28,2018,10,28,7,22,168125,293616,13346.181818182,7642.0454545455
2018-10-29,2018,10,29,1,18,112132,202089,11227.166666667,6229.5555555556
2018-10-30,2018,10,30,2,26,173043,449928,17304.923076923,6655.5
2018-10-31,2018,10,31,3,14,89459,151738,10838.428571429,6389.9285714286
2018-11-01,2018,11,01,4,30,256169,845436,28181.2,8538.9666666667
2018-11-02,2018,11,02,5,17,77704,118120,6948.2352941176,4570.8235294118
2018-11-03,2018,11,03,6,20,168928,367270,18363.5,8446.4
2018-11-04,2018,11,04,7,18,94935,142164,7898,5274.1666666667
2018-11-05,2018,11,05,1,16,121261,174852,10928.25,7578.8125
2018-11-06,2018,11,06,2,22,158602,262272,11921.454545455,7209.1818181818
2018-11-07,2018,11,07,3,31,267145,493765,15927.903225806,8617.5806451613
2018-11-08,2018,11,08,4,18,129025,394688,21927.111111111,7168.0555555556
2018-11-09,2018,11,09,5,25,189571,470775,18831,7582.84
2018-11-10,2018,11,10,6,16,131155,201527,12595.4375,8197.1875
2018-11-11,2018,11,11,7,21,124624,254177,12103.666666667,5934.4761904762
2018-11-12,2018,11,12,1,20,117815,206781,10339.05,5890.75
2018-11-13,2018,11,13,2,16,94249,139857,8741.0625,5890.5625
2018-11-14,2018,11,14,3,30,244035,536697,17889.9,8134.5
2018-11-15,2018,11,15,4,29,216581,463029,15966.517241379,7468.3103448276
2018-11-16,2018,11,16,5,22,136829,255967,11634.863636364,6219.5
2018-11-17,2018,11,17,6,19,185876,256663,13508.578947368,9782.9473684211
2018-11-18,2018,11,18,7,26,182762,413923,15920.115384615,7029.3076923077
2018-11-19,2018,11,19,1,23,163613,465733,20249.260869565,7113.6086956522
2018-11-20,2018,11,20,2,19,162069,169314,8911.2631578947,8529.9473684211
2018-11-21,2018,11,21,3,21,177342,319969,15236.619047619,8444.8571428571
2018-11-22,2018,11,22,4,29,204779,332498,11465.448275862,7061.3448275862
2018-11-23,2018,11,23,5,28,309534,438387,15656.678571429,11054.785714286
2018-11-24,2018,11,24,6,19,142315,204241,10749.526315789,7490.2631578947
2018-11-25,2018,11,25,7,18,124229,155880,8660,6901.6111111111
2018-11-26,2018,11,26,1,31,260028,620247,20007.967741935,8388
2018-11-27,2018,11,27,2,27,205615,312474,11573.111111111,7615.3703703704
2018-11-28,2018,11,28,3,25,219108,245449,9817.96,8764.32
2018-11-29,2018,11,29,4,25,1184639,245110,9804.4,47385.56
2018-11-30,2018,11,30,5,22,152404,196233,8919.6818181818,6927.4545454545
2018-12-01,2018,12,01,6,20,204450,256822,12841.1,10222.5
2018-12-02,2018,12,02,7,28,153564,345581,12342.178571429,5484.4285714286
2018-12-03,2018,12,03,1,30,175284,280467,9348.9,5842.8
2018-12-04,2018,12,04,2,36,265368,565615,15711.527777778,7371.3333333333
2018-12-05,2018,12,05,3,29,220829,304310,10493.448275862,7614.7931034483
2018-12-06,2018,12,06,4,25,212950,300070,12002.8,8518
2018-12-07,2018,12,07,5,36,422362,436148,12115.222222222,11732.277777778
2018-12-08,2018,12,08,6,21,198349,326451,15545.285714286,9445.1904761905
2018-12-09,2018,12,09,7,25,221383,394508,15780.32,8855.32
2018-12-10,2018,12,10,1,36,288230,232090,6446.9444444444,8006.3888888889
2018-12-11,2018,12,11,2,29,705526,649303,22389.75862069,24328.482758621
2018-12-12,2018,12,12,3,40,418767,929598,23239.95,10469.175
2018-12-13,2018,12,13,4,30,293670,367299,12243.3,9789
2018-12-14,2018,12,14,5,25,356225,389192,15567.68,14249
2018-12-15,2018,12,15,6,19,152119,205353,10808.052631579,8006.2631578947
2018-12-16,2018,12,16,7,31,242186,545236,17588.258064516,7812.4516129032
2018-12-17,2018,12,17,1,26,241773,349606,13446.384615385,9298.9615384615
2018-12-18,2018,12,18,2,30,429666,315563,10518.766666667,14322.2
2018-12-19,2018,12,19,3,39,793792,849962,21793.897435897,20353.641025641
2018-12-20,2018,12,20,4,32,695582,347283,10852.59375,21736.9375
2018-12-21,2018,12,21,5,31,319511,358504,11564.64516129,10306.806451613
2018-12-22,2018,12,22,6,24,247836,400753,16698.041666667,10326.5
2018-12-23,2018,12,23,7,26,383654,292106,11234.846153846,14755.923076923
2018-12-24,2018,12,24,1,43,473683,408563,9501.4651162791,11015.88372093
2018-12-25,2018,12,25,2,43,1026903,634654,14759.395348837,23881.465116279
2018-12-26,2018,12,26,3,36,362345,534384,14844,10065.138888889
2018-12-27,2018,12,27,4,34,443019,435957,12822.264705882,13029.970588235
2018-12-28,2018,12,28,5,44,441235,379731,8630.25,10028.068181818
2018-12-29,2018,12,29,6,36,460426,733732,20381.444444444,12789.611111111
2018-12-30,2018,12,30,7,15,311347,209108,13940.533333333,20756.466666667
2018-12-31,2018,12,31,1,2,30643,21942,10971,15321.5
2019-01-01,2019,01,01,2,9,78368,167186,18576.222222222,8707.5555555556
2019-01-02,2019,01,02,3,11,60690,98039,8912.6363636364,5517.2727272727
2019-01-03,2019,01,03,4,17,153537,197808,11635.764705882,9031.5882352941
2019-01-04,2019,01,04,5,18,121832,201873,11215.166666667,6768.4444444444
2019-01-05,2019,01,05,6,18,109307,181956,10108.666666667,6072.6111111111
2019-01-06,2019,01,06,7,20,137191,205271,10263.55,6859.55
2019-01-07,2019,01,07,1,19,157046,255078,13425.157894737,8265.5789473684
2019-01-08,2019,01,08,2,23,145957,366629,15940.391304348,6345.9565217391
2019-01-09,2019,01,09,3,31,211663,380117,12261.838709677,6827.8387096774
2019-01-10,2019,01,10,4,24,188026,311222,12967.583333333,7834.4166666667
2019-01-11,2019,01,11,5,24,231499,449717,18738.208333333,9645.7916666667
2019-01-12,2019,01,12,6,20,160280,297748,14887.4,8014
2019-01-13,2019,01,13,7,29,179525,463866,15995.379310345,6190.5172413793
2019-01-14,2019,01,14,1,39,395282,755895,19381.923076923,10135.435897436
2019-01-15,2019,01,15,2,27,174262,473472,17536,6454.1481481481
2019-01-16,2019,01,16,3,38,315641,522185,13741.710526316,8306.3421052632
2019-01-17,2019,01,17,4,31,262296,569024,18355.612903226,8461.1612903226
2019-01-18,2019,01,18,5,16,104967,255399,15962.4375,6560.4375
2019-01-19,2019,01,19,6,26,243516,230029,8847.2692307692,9366
2019-01-20,2019,01,20,7,21,134976,242029,11525.19047619,6427.4285714286
2019-01-21,2019,01,21,1,24,241898,231066,9627.75,10079.083333333
2019-01-22,2019,01,22,2,23,174839,294023,12783.608695652,7601.6956521739
2019-01-23,2019,01,23,3,28,169142,530891,18960.392857143,6040.7857142857
2019-01-24,2019,01,24,4,23,181379,195389,8495.1739130435,7886.0434782609
2019-01-25,2019,01,25,5,28,246605,313797,11207.035714286,8807.3214285714
2019-01-26,2019,01,26,6,23,131648,313800,13643.47826087,5723.8260869565
2019-01-27,2019,01,27,7,31,214788,649751,20959.709677419,6928.6451612903
2019-01-28,2019,01,28,1,37,245421,466353,12604.135135135,6633
2019-01-29,2019,01,29,2,28,135454,245759,8777.1071428571,4837.6428571429
2019-01-30,2019,01,30,3,26,442836,345914,13304.384615385,17032.153846154
2019-01-31,2019,01,31,4,23,207838,508390,22103.913043478,9036.4347826087
2019-02-01,2019,02,01,5,41,343131,542735,13237.43902439,8369.0487804878
2019-02-02,2019,02,02,6,22,163001,215579,9799.0454545455,7409.1363636364
2019-02-03,2019,02,03,7,24,178323,335443,13976.791666667,7430.125
2019-02-04,2019,02,04,1,25,141290,316250,12650,5651.6
2019-02-05,2019,02,05,2,28,130382,363727,12990.25,4656.5
2019-02-06,2019,02,06,3,36,231346,514439,14289.972222222,6426.2777777778
2019-02-07,2019,02,07,4,28,184845,285642,10201.5,6601.6071428571
2019-02-08,2019,02,08,5,28,170402,336587,12020.964285714,6085.7857142857
2019-02-09,2019,02,09,6,22,145216,309398,14063.545454545,6600.7272727273
2019-02-10,2019,02,10,7,15,87184,136916,9127.7333333333,5812.2666666667
2019-02-11,2019,02,11,1,26,152830,341948,13151.846153846,5878.0769230769
2019-02-12,2019,02,12,2,24,174383,631781,26324.208333333,7265.9583333333
2019-02-13,2019,02,13,3,22,142101,339305,15422.954545455,6459.1363636364
2019-02-14,2019,02,14,4,25,182780,442703,17708.12,7311.2
2019-02-15,2019,02,15,5,28,229598,391008,13964.571428571,8199.9285714286
2019-02-16,2019,02,16,6,24,206376,314564,13106.833333333,8599
2019-02-17,2019,02,17,7,32,343176,630666,19708.3125,10724.25
2019-02-18,2019,02,18,1,29,180643,160934,5549.4482758621,6229.0689655172
2019-02-19,2019,02,19,2,24,211659,609299,25387.458333333,8819.125
2019-02-20,2019,02,20,3,28,244016,499690,17846.071428571,8714.8571428571
2019-02-21,2019,02,21,4,23,237456,388139,16875.608695652,10324.173913043
2019-02-22,2019,02,22,5,33,229801,292913,8876.1515151515,6963.6666666667
2019-02-23,2019,02,23,6,23,146161,258520,11240,6354.8260869565
2019-02-24,2019,02,24,7,25,235316,268019,10720.76,9412.64
2019-02-25,2019,02,25,1,21,152869,251968,11998.476190476,7279.4761904762
2019-02-26,2019,02,26,2,24,148190,385590,16066.25,6174.5833333333
2019-02-27,2019,02,27,3,28,195617,248666,8880.9285714286,6986.3214285714
2019-02-28,2019,02,28,4,22,144752,167215,7600.6818181818,6579.6363636364
2019-03-01,2019,03,01,5,31,252794,545367,17592.483870968,8154.6451612903
2019-03-02,2019,03,02,6,36,290240,323686,8991.2777777778,8062.2222222222
2019-03-03,2019,03,03,7,25,159032,522795,20911.8,6361.28
2019-03-04,2019,03,04,1,29,422354,236417,8152.3103448276,14563.931034483
2019-03-05,2019,03,05,2,35,418885,447129,12775.114285714,11968.142857143
2019-03-06,2019,03,06,3,42,328895,683428,16272.095238095,7830.8333333333
2019-03-07,2019,03,07,4,26,194790,463187,17814.884615385,7491.9230769231
2019-03-08,2019,03,08,5,25,202358,363075,14523,8094.32
2019-03-09,2019,03,09,6,19,119629,181436,9549.2631578947,6296.2631578947
2019-03-10,2019,03,10,7,23,202068,373940,16258.260869565,8785.5652173913
2019-03-11,2019,03,11,1,31,195046,323432,10433.290322581,6291.8064516129
2019-03-12,2019,03,12,2,24,222736,511951,21331.291666667,9280.6666666667
2019-03-13,2019,03,13,3,26,175518,296932,11420.461538462,6750.6923076923
2019-03-14,2019,03,14,4,27,224567,419872,15550.814814815,8317.2962962963
2019-03-15,2019,03,15,5,24,160581,306500,12770.833333333,6690.875
2019-03-16,2019,03,16,6,22,126859,273217,12418.954545455,5766.3181818182
2019-03-17,2019,03,17,7,29,130672,288283,9940.7931034483,4505.9310344828
2019-03-18,2019,03,18,1,33,179173,325888,9875.3939393939,5429.4848484848
2019-03-19,2019,03,19,2,24,181811,376331,15680.458333333,7575.4583333333
2019-03-20,2019,03,20,3,29,219646,515785,17785.689655172,7574
2019-03-21,2019,03,21,4,29,164359,305917,10548.862068966,5667.5517241379
2019-03-22,2019,03,22,5,25,171432,345986,13839.44,6857.28
2019-03-23,2019,03,23,6,24,179276,306394,12766.416666667,7469.8333333333
2019-03-24,2019,03,24,7,22,166718,359322,16332.818181818,7578.0909090909
2019-03-25,2019,03,25,1,32,197162,433095,13534.21875,6161.3125
2019-03-26,2019,03,26,2,21,126347,223765,10655.476190476,6016.5238095238
2019-03-27,2019,03,27,3,20,164922,390344,19517.2,8246.1
2019-03-28,2019,03,28,4,27,173733,470163,17413.444444444,6434.5555555556
2019-03-29,2019,03,29,5,18,146935,280770,15598.333333333,8163.0555555556
2019-03-30,2019,03,30,6,22,168280,379671,17257.772727273,7649.0909090909
2019-03-31,2019,03,31,7,20,169612,353361,17668.05,8480.6
2019-04-01,2019,04,01,1,24,168217,317572,13232.166666667,7009.0416666667
2019-04-02,2019,04,02,2,16,132238,256293,16018.3125,8264.875
2019-04-03,2019,04,03,3,25,139611,348492,13939.68,5584.44
2019-04-04,2019,04,04,4,34,223187,329072,9678.5882352941,6564.3235294118
2019-04-05,2019,04,05,5,29,224604,456163,15729.75862069,7744.9655172414
2019-04-06,2019,04,06,6,21,153725,658083,31337.285714286,7320.2380952381
2019-04-07,2019,04,07,7,21,127150,372650,17745.238095238,6054.7619047619
2019-04-08,2019,04,08,1,22,136996,422851,19220.5,6227.0909090909
2019-04-09,2019,04,09,2,18,126142,331185,18399.166666667,7007.8888888889
2019-04-10,2019,04,10,3,21,129150,340438,16211.333333333,6150
2019-04-11,2019,04,11,4,21,183872,611210,29105.238095238,8755.8095238095
2019-04-12,2019,04,12,5,24,140159,260081,10836.708333333,5839.9583333333
2019-04-13,2019,04,13,6,17,124835,244384,14375.529411765,7343.2352941176
2019-04-14,2019,04,14,7,33,225065,361040,10940.606060606,6820.1515151515
2019-04-15,2019,04,15,1,22,139743,388528,17660.363636364,6351.9545454545
2019-04-16,2019,04,16,2,17,81136,139364,8197.8823529412,4772.7058823529
2019-04-17,2019,04,17,3,25,194476,344649,13785.96,7779.04
2019-04-18,2019,04,18,4,22,163781,294856,13402.545454545,7444.5909090909
2019-04-19,2019,04,19,5,34,257366,382655,11254.558823529,7569.5882352941
2019-04-20,2019,04,20,6,20,116831,328655,16432.75,5841.55
2019-04-21,2019,04,21,7,19,115968,234827,12359.315789474,6103.5789473684
2019-04-22,2019,04,22,1,17,103297,154523,9089.5882352941,6076.2941176471
2019-04-23,2019,04,23,2,27,204356,242770,8991.4814814815,7568.7407407407
2019-04-24,2019,04,24,3,20,178788,304046,15202.3,8939.4
2019-04-25,2019,04,25,4,36,291202,531258,14757.166666667,8088.9444444444
2019-04-26,2019,04,26,5,42,283143,309412,7366.9523809524,6741.5
2019-04-27,2019,04,27,6,17,100971,290193,17070.176470588,5939.4705882353
2019-04-28,2019,04,28,7,17,120248,283693,16687.823529412,7073.4117647059
2019-04-29,2019,04,29,1,16,93772,196529,12283.0625,5860.75
2019-04-30,2019,04,30,2,17,145078,415064,24415.529411765,8534
2019-05-01,2019,05,01,3,22,149136,334252,15193.272727273,6778.9090909091
2019-05-02,2019,05,02,4,15,130559,176508,11767.2,8703.9333333333
2019-05-03,2019,05,03,5,22,138724,412165,18734.772727273,6305.6363636364
2019-05-04,2019,05,04,6,18,93598,184852,10269.555555556,5199.8888888889
2019-05-05,2019,05,05,7,21,127815,440835,20992.142857143,6086.4285714286
2019-05-06,2019,05,06,1,25,185006,329063,13162.52,7400.24
2019-05-07,2019,05,07,2,22,131700,288128,13096.727272727,5986.3636363636
2019-05-08,2019,05,08,3,23,185809,275875,11994.565217391,8078.652173913
2019-05-09,2019,05,09,4,13,73665,182433,14033.307692308,5666.5384615385
2019-05-10,2019,05,10,5,22,175389,271108,12323.090909091,7972.2272727273
2019-05-11,2019,05,11,6,23,193876,385362,16754.869565217,8429.3913043478
2019-05-12,2019,05,12,7,23,154970,364948,15867.304347826,6737.8260869565
2019-05-13,2019,05,13,1,31,194033,358420,11561.935483871,6259.1290322581
2019-05-14,2019,05,14,2,26,186656,426373,16398.961538462,7179.0769230769
2019-05-15,2019,05,15,3,30,177515,477284,15909.466666667,5917.1666666667
2019-05-16,2019,05,16,4,20,127731,175808,8790.4,6386.55
2019-05-17,2019,05,17,5,27,204789,550525,20389.814814815,7584.7777777778
2019-05-18,2019,05,18,6,20,113146,252701,12635.05,5657.3
2019-05-19,2019,05,19,7,19,134021,226259,11908.368421053,7053.7368421053
2019-05-20,2019,05,20,1,29,185646,463800,15993.103448276,6401.5862068966
2019-05-21,2019,05,21,2,18,108883,236182,13121.222222222,6049.0555555556
2019-05-22,2019,05,22,3,22,161765,488372,22198.727272727,7352.9545454545
2019-05-23,2019,05,23,4,31,303146,332958,10740.580645161,9778.9032258065
2019-05-24,2019,05,24,5,20,133905,208977,10448.85,6695.25
2019-05-25,2019,05,25,6,22,150878,815721,37078.227272727,6858.0909090909
2019-05-26,2019,05,26,7,9,74036,280619,31179.888888889,8226.2222222222
2019-05-27,2019,05,27,1,20,121729,256397,12819.85,6086.45
2019-05-28,2019,05,28,2,24,138816,243252,10135.5,5784
2019-05-29,2019,05,29,3,25,164644,435839,17433.56,6585.76
2019-05-30,2019,05,30,4,28,211005,370609,13236.035714286,7535.8928571429
2019-05-31,2019,05,31,5,14,85041,227076,16219.714285714,6074.3571428571
2019-06-01,2019,06,01,6,22,144042,277101,12595.5,6547.3636363636
2019-06-02,2019,06,02,7,12,72690,147810,12317.5,6057.5
2019-06-03,2019,06,03,1,24,126275,434020,18084.166666667,5261.4583333333
2019-06-04,2019,06,04,2,22,128426,261844,11902,5837.5454545455
2019-06-05,2019,06,05,3,20,114263,295778,14788.9,5713.15
2019-06-06,2019,06,06,4,21,196652,399752,19035.80952381,9364.380952381
2019-06-07,2019,06,07,5,30,244358,348329,11610.966666667,8145.2666666667
2019-06-08,2019,06,08,6,20,160843,467208,23360.4,8042.15
2019-06-09,2019,06,09,7,15,106447,182356,12157.066666667,7096.4666666667
2019-06-10,2019,06,10,1,25,201464,410072,16402.88,8058.56
2019-06-11,2019,06,11,2,25,178067,431490,17259.6,7122.68
2019-06-12,2019,06,12,3,21,95828,118917,5662.7142857143,4563.2380952381
2019-06-13,2019,06,13,4,15,86735,292614,19507.6,5782.3333333333
2019-06-14,2019,06,14,5,29,215745,446649,15401.689655172,7439.4827586207
2019-06-15,2019,06,15,6,17,86159,145363,8550.7647058824,5068.1764705882
2019-06-16,2019,06,16,7,19,120728,227430,11970,6354.1052631579
2019-06-17,2019,06,17,1,22,135550,288933,13133.318181818,6161.3636363636
2019-06-18,2019,06,18,2,24,169677,226416,9434,7069.875
2019-06-19,2019,06,19,3,18,105799,248520,13806.666666667,5877.7222222222
2019-06-20,2019,06,20,4,28,214507,281880,10067.142857143,7660.9642857143
2019-06-21,2019,06,21,5,21,234471,367160,17483.80952381,11165.285714286
2019-06-22,2019,06,22,6,14,105204,192355,13739.642857143,7514.5714285714
2019-06-23,2019,06,23,7,13,81476,285211,21939.307692308,6267.3846153846
2019-06-24,2019,06,24,1,28,200358,729656,26059.142857143,7155.6428571429
2019-06-25,2019,06,25,2,17,112996,135882,7993.0588235294,6646.8235294118
2019-06-26,2019,06,26,3,28,167566,462426,16515.214285714,5984.5
2019-06-27,2019,06,27,4,23,157237,208149,9049.9565217391,6836.3913043478
2019-06-28,2019,06,28,5,23,211139,270222,11748.782608696,9179.9565217391
2019-06-29,2019,06,29,6,17,88272,260900,15347.058823529,5192.4705882353
2019-06-30,2019,06,30,7,9,35667,230745,25638.333333333,3963
2019-07-01,2019,07,01,1,19,132143,277788,14620.421052632,6954.8947368421
2019-07-02,2019,07,02,2,16,164262,373072,23317,10266.375
2019-07-03,2019,07,03,3,17,107060,170230,10013.529411765,6297.6470588235
2019-07-04,2019,07,04,4,18,162561,392719,21817.722222222,9031.1666666667
2019-07-05,2019,07,05,5,21,132555,196046,9335.5238095238,6312.1428571429
2019-07-06,2019,07,06,6,21,114816,454160,21626.666666667,5467.4285714286
2019-07-07,2019,07,07,7,12,108079,314001,26166.75,9006.5833333333
2019-07-08,2019,07,08,1,23,160357,444767,19337.695652174,6972.0434782609
2019-07-09,2019,07,09,2,11,69027,131473,11952.090909091,6275.1818181818
2019-07-10,2019,07,10,3,19,169621,128916,6785.0526315789,8927.4210526316
2019-07-11,2019,07,11,4,22,145765,234890,10676.818181818,6625.6818181818
2019-07-12,2019,07,12,5,23,149610,193299,8404.3043478261,6504.7826086957
2019-07-13,2019,07,13,6,19,114900,179920,9469.4736842105,6047.3684210526
2019-07-14,2019,07,14,7,9,60291,212571,23619,6699
2019-07-15,2019,07,15,1,19,102409,258638,13612.526315789,5389.9473684211
2019-07-16,2019,07,16,2,15,74396,130778,8718.5333333333,4959.7333333333
2019-07-17,2019,07,17,3,16,120867,415978,25998.625,7554.1875
2019-07-18,2019,07,18,4,27,149522,381682,14136.37037037,5537.8518518519
2019-07-19,2019,07,19,5,19,110755,230562,12134.842105263,5829.2105263158
2019-07-20,2019,07,20,6,13,58312,134097,10315.153846154,4485.5384615385
2019-07-21,2019,07,21,7,12,78273,266481,22206.75,6522.75
2019-07-22,2019,07,22,1,15,70742,146168,9744.5333333333,4716.1333333333
2019-07-23,2019,07,23,2,15,94423,183429,12228.6,6294.8666666667
2019-07-24,2019,07,24,3,20,103342,237052,11852.6,5167.1
2019-07-25,2019,07,25,4,22,174654,201639,9165.4090909091,7938.8181818182
2019-07-26,2019,07,26,5,19,116925,188142,9902.2105263158,6153.9473684211
2019-07-27,2019,07,27,6,11,95425,132291,12026.454545455,8675
2019-07-28,2019,07,28,7,18,126767,235787,13099.277777778,7042.6111111111
2019-07-29,2019,07,29,1,14,99969,125476,8962.5714285714,7140.6428571429
2019-07-30,2019,07,30,2,19,99875,226522,11922.210526316,5256.5789473684
2019-07-31,2019,07,31,3,20,88687,293830,14691.5,4434.35
2019-08-01,2019,08,01,4,26,155142,328696,12642.153846154,5967
2019-08-02,2019,08,02,5,18,102290,102323,5684.6111111111,5682.7777777778
2019-08-03,2019,08,03,6,16,123830,172924,10807.75,7739.375
2019-08-04,2019,08,04,7,16,119208,215399,13462.4375,7450.5
2019-08-05,2019,08,05,1,28,171414,271706,9703.7857142857,6121.9285714286
2019-08-06,2019,08,06,2,18,104344,208718,11595.444444444,5796.8888888889
2019-08-07,2019,08,07,3,17,158915,280569,16504.058823529,9347.9411764706
2019-08-08,2019,08,08,4,14,122687,131000,9357.1428571429,8763.3571428571
2019-08-09,2019,08,09,5,22,128093,180973,8226.0454545455,5822.4090909091
2019-08-10,2019,08,10,6,14,74985,96558,6897,5356.0714285714
2019-08-11,2019,08,11,7,14,82663,118298,8449.8571428571,5904.5
2019-08-12,2019,08,12,1,21,143613,377992,17999.619047619,6838.7142857143
2019-08-13,2019,08,13,2,16,113384,232899,14556.1875,7086.5
2019-08-14,2019,08,14,3,15,89046,234603,15640.2,5936.4
2019-08-15,2019,08,15,4,26,216378,454627,17485.653846154,8322.2307692308
2019-08-16,2019,08,16,5,15,95749,136986,9132.4,6383.2666666667
2019-08-17,2019,08,17,6,12,85874,199952,16662.666666667,7156.1666666667
2019-08-18,2019,08,18,7,13,117129,103564,7966.4615384615,9009.9230769231
2019-08-19,2019,08,19,1,18,67109,287008,15944.888888889,3728.2777777778
2019-08-20,2019,08,20,2,14,84164,212899,15207.071428571,6011.7142857143
2019-08-21,2019,08,21,3,15,181621,266419,17761.266666667,12108.066666667
2019-08-22,2019,08,22,4,17,141361,225046,13238,8315.3529411765
2019-08-23,2019,08,23,5,15,124174,210543,14036.2,8278.2666666667
2019-08-24,2019,08,24,6,8,98828,506254,63281.75,12353.5
2019-08-25,2019,08,25,7,13,77413,189871,14605.461538462,5954.8461538462
2019-08-26,2019,08,26,1,24,144771,569296,23720.666666667,6032.125
2019-08-27,2019,08,27,2,23,177243,407788,17729.913043478,7706.2173913043
2019-08-28,2019,08,28,3,15,94285,197976,13198.4,6285.6666666667
2019-08-29,2019,08,29,4,21,106388,108812,5181.5238095238,5066.0952380952
2019-08-30,2019,08,30,5,27,187557,367588,13614.37037037,6946.5555555556
2019-08-31,2019,08,31,6,16,120239,389291,24330.6875,7514.9375
2019-09-01,2019,09,01,7,24,139591,343127,14296.958333333,5816.2916666667
2019-09-02,2019,09,02,1,22,120640,458639,20847.227272727,5483.6363636364
2019-09-03,2019,09,03,2,25,165799,394255,15770.2,6631.96
2019-09-04,2019,09,04,3,22,126661,286530,13024.090909091,5757.3181818182
2019-09-05,2019,09,05,4,19,128435,312597,16452.473684211,6759.7368421053
2019-09-06,2019,09,06,5,29,227995,479155,16522.586206897,7861.8965517241
2019-09-07,2019,09,07,6,12,74798,140044,11670.333333333,6233.1666666667
2019-09-08,2019,09,08,7,27,205591,378200,14007.407407407,7614.4814814815
2019-09-09,2019,09,09,1,23,183562,459806,19991.565217391,7980.9565217391
2019-09-10,2019,09,10,2,18,109852,174278,9682.1111111111,6102.8888888889
2019-09-11,2019,09,11,3,21,111077,292182,13913.428571429,5289.380952381
2019-09-12,2019,09,12,4,17,84389,335987,19763.941176471,4964.0588235294
2019-09-13,2019,09,13,5,27,200372,267710,9915.1851851852,7421.1851851852
2019-09-14,2019,09,14,6,17,128418,341502,20088.352941176,7554
2019-09-15,2019,09,15,7,15,112671,347767,23184.466666667,7511.4
2019-09-16,2019,09,16,1,29,216161,311362,10736.620689655,7453.8275862069
2019-09-17,2019,09,17,2,25,122830,179571,7182.84,4913.2
2019-09-18,2019,09,18,3,13,92558,203520,15655.384615385,7119.8461538462
2019-09-19,2019,09,19,4,34,223573,485543,14280.676470588,6575.6764705882
2019-09-20,2019,09,20,5,26,165254,275215,10585.192307692,6355.9230769231
2019-09-21,2019,09,21,6,18,120401,363607,20200.388888889,6688.9444444444
2019-09-22,2019,09,22,7,18,77810,181704,10094.666666667,4322.7777777778
2019-09-23,2019,09,23,1,23,143020,212955,9258.9130434783,6218.2608695652
2019-09-24,2019,09,24,2,24,134256,249609,10400.375,5594
2019-09-25,2019,09,25,3,15,122056,208681,13912.066666667,8137.0666666667
2019-09-26,2019,09,26,4,20,137256,139232,6961.6,6862.8
2019-09-27,2019,09,27,5,29,273342,466977,16102.655172414,9425.5862068966
2019-09-28,2019,09,28,6,15,95164,222347,14823.133333333,6344.2666666667
2019-09-29,2019,09,29,7,26,138622,265802,10223.153846154,5331.6153846154
2019-09-30,2019,09,30,1,21,103451,228164,10864.952380952,4926.2380952381
2019-10-01,2019,10,01,2,28,202539,706312,25225.428571429,7233.5357142857
2019-10-02,2019,10,02,3,15,130788,289276,19285.066666667,8719.2
2019-10-03,2019,10,03,4,22,188346,142198,6463.5454545455,8561.1818181818
2019-10-04,2019,10,04,5,27,228259,523105,19374.259259259,8454.037037037
2019-10-05,2019,10,05,6,15,103758,175083,11672.2,6917.2
2019-10-06,2019,10,06,7,13,99506,225233,17325.615384615,7654.3076923077
2019-10-07,2019,10,07,1,22,112320,308146,14006.636363636,5105.4545454545
2019-10-08,2019,10,08,2,17,104266,341735,20102.058823529,6133.2941176471
2019-10-09,2019,10,09,3,21,141480,353015,16810.238095238,6737.1428571429
2019-10-10,2019,10,10,4,18,212121,205618,11423.222222222,11784.5
2019-10-11,2019,10,11,5,30,199981,610208,20340.266666667,6666.0333333333
2019-10-12,2019,10,12,6,18,146200,342469,19026.055555556,8122.2222222222
2019-10-13,2019,10,13,7,22,138904,182579,8299.0454545455,6313.8181818182
2019-10-14,2019,10,14,1,26,179336,415867,15994.884615385,6897.5384615385
2019-10-15,2019,10,15,2,26,190230,500262,19240.846153846,7316.5384615385
2019-10-16,2019,10,16,3,23,122692,274651,11941.347826087,5334.4347826087
2019-10-17,2019,10,17,4,25,200705,273450,10938,8028.2
2019-10-18,2019,10,18,5,22,147735,222858,10129.909090909,6715.2272727273
2019-10-19,2019,10,19,6,19,133030,140216,7379.7894736842,7001.5789473684
2019-10-20,2019,10,20,7,22,129729,252171,11462.318181818,5896.7727272727
2019-10-21,2019,10,21,1,17,173417,273454,16085.529411765,10201
2019-10-22,2019,10,22,2,23,163529,254808,11078.608695652,7109.9565217391
2019-10-23,2019,10,23,3,19,366688,315709,16616.263157895,19299.368421053
2019-10-24,2019,10,24,4,26,242127,312932,12035.846153846,9312.5769230769
2019-10-25,2019,10,25,5,17,118070,377316,22195.058823529,6945.2941176471
2019-10-26,2019,10,26,6,17,91174,126404,7435.5294117647,5363.1764705882
2019-10-27,2019,10,27,7,17,89710,229265,13486.176470588,5277.0588235294
2019-10-28,2019,10,28,1,20,120669,219221,10961.05,6033.45
2019-10-29,2019,10,29,2,27,165943,172479,6388.1111111111,6146.037037037
2019-10-30,2019,10,30,3,29,182446,414579,14295.827586207,6291.2413793103
2019-10-31,2019,10,31,4,19,158315,251502,13236.947368421,8332.3684210526
2019-11-01,2019,11,01,5,42,223098,430086,10240.142857143,5311.8571428571
2019-11-02,2019,11,02,6,14,139275,168866,12061.857142857,9948.2142857143
2019-11-03,2019,11,03,7,23,218365,387554,16850.173913043,9494.1304347826
2019-11-04,2019,11,04,1,23,166229,269558,11719.913043478,7227.347826087
2019-11-05,2019,11,05,2,22,161194,318795,14490.681818182,7327
2019-11-06,2019,11,06,3,25,147290,369742,14789.68,5891.6
2019-11-07,2019,11,07,4,36,227501,585354,16259.833333333,6319.4722222222
2019-11-08,2019,11,08,5,26,128673,173611,6677.3461538462,4948.9615384615
2019-11-09,2019,11,09,6,20,101732,167434,8371.7,5086.6
2019-11-10,2019,11,10,7,28,143165,389493,13910.464285714,5113.0357142857
2019-11-11,2019,11,11,1,20,187673,252227,12611.35,9383.65
2019-11-12,2019,11,12,2,28,185584,190027,6786.6785714286,6628
2019-11-13,2019,11,13,3,24,180655,226058,9419.0833333333,7527.2916666667
2019-11-14,2019,11,14,4,27,195485,299019,11074.777777778,7240.1851851852
2019-11-15,2019,11,15,5,23,1574315,366675,15942.391304348,68448.47826087
2019-11-16,2019,11,16,6,17,123568,168203,9894.2941176471,7268.7058823529
2019-11-17,2019,11,17,7,24,157520,219488,9145.3333333333,6563.3333333333
2019-11-18,2019,11,18,1,25,197144,421548,16861.92,7885.76
2019-11-19,2019,11,19,2,24,137728,237659,9902.4583333333,5738.6666666667
2019-11-20,2019,11,20,3,29,249682,593675,20471.551724138,8609.724137931
2019-11-21,2019,11,21,4,28,251271,225227,8043.8214285714,8973.9642857143
2019-11-22,2019,11,22,5,31,352079,331778,10702.516129032,11357.387096774
2019-11-23,2019,11,23,6,30,221314,419197,13973.233333333,7377.1333333333
2019-11-24,2019,11,24,7,17,97153,357009,21000.529411765,5714.8823529412
2019-11-25,2019,11,25,1,25,152045,183848,7353.92,6081.8
2019-11-26,2019,11,26,2,16,109745,364685,22792.8125,6859.0625
2019-11-27,2019,11,27,3,36,393774,631030,17528.611111111,10938.166666667
2019-11-28,2019,11,28,4,31,217931,305953,9869.4516129032,7030.0322580645
2019-11-29,2019,11,29,5,29,298235,731099,25210.310344828,10283.965517241
2019-11-30,2019,11,30,6,15,117389,191346,12756.4,7825.9333333333
2019-12-01,2019,12,01,7,21,180939,296290,14109.047619048,8616.1428571429
2019-12-02,2019,12,02,1,31,536973,256132,8262.3225806452,17321.709677419
2019-12-03,2019,12,03,2,27,171744,329824,12215.703703704,6360.8888888889
2019-12-04,2019,12,04,3,31,400357,475751,15346.806451613,12914.741935484
2019-12-05,2019,12,05,4,34,290924,401785,11817.205882353,8556.5882352941
2019-12-06,2019,12,06,5,41,354398,383268,9348,8643.8536585366
2019-12-07,2019,12,07,6,30,238769,493687,16456.233333333,7958.9666666667
2019-12-08,2019,12,08,7,21,191856,260071,12384.333333333,9136
2019-12-09,2019,12,09,1,36,265583,420603,11683.416666667,7377.3055555556
2019-12-10,2019,12,10,2,32,278701,460707,14397.09375,8709.40625
2019-12-11,2019,12,11,3,34,282588,534563,15722.441176471,8311.4117647059
2019-12-12,2019,12,12,4,23,181774,320418,13931.217391304,7903.2173913043
2019-12-13,2019,12,13,5,35,253847,442267,12636.2,7252.7714285714
2019-12-14,2019,12,14,6,32,282727,502245,15695.15625,8835.21875
2019-12-15,2019,12,15,7,33,231051,338234,10249.515151515,7001.5454545455
2019-12-16,2019,12,16,1,31,402597,329673,10634.612903226,12987
2019-12-17,2019,12,17,2,31,1222075,472589,15244.806451613,39421.774193548
2019-12-18,2019,12,18,3,44,791241,1070713,24334.386363636,17982.75
2019-12-19,2019,12,19,4,44,752253,571865,12996.931818182,17096.659090909
2019-12-20,2019,12,20,5,37,352056,277046,7487.7297297297,9515.027027027
2019-12-21,2019,12,21,6,33,309878,483387,14648.090909091,9390.2424242424
2019-12-22,2019,12,22,7,20,198849,362842,18142.1,9942.45
2019-12-23,2019,12,23,1,50,596693,510816,10216.32,11933.86
2019-12-24,2019,12,24,2,56,918367,644639,11511.410714286,16399.410714286
2019-12-25,2019,12,25,3,47,1124634,679661,14460.872340426,23928.382978723
2019-12-26,2019,12,26,4,64,642839,608647,9510.109375,10044.359375
2019-12-27,2019,12,27,5,52,840252,587951,11306.75,16158.692307692
2019-12-28,2019,12,28,6,42,452150,394457,9391.8333333333,10765.476190476
2019-12-29,2019,12,29,7,38,827233,552600,14542.105263158,21769.289473684
2019-12-30,2019,12,30,1,14,206351,239708,17122,14739.357142857
2019-12-31,2019,12,31,2,2,13254,66444,33222,6627
